{
  "best_metric": null,
  "best_model_checkpoint": null,
  "epoch": 899.7029702970297,
  "eval_steps": 500,
  "global_step": 45000,
  "is_hyper_param_search": false,
  "is_local_process_zero": true,
  "is_world_process_zero": true,
  "log_history": [
    {
      "epoch": 0.02,
      "grad_norm": 4.8711419105529785,
      "learning_rate": 2.5e-07,
      "loss": 7.1096,
      "step": 1
    },
    {
      "epoch": 9.9,
      "grad_norm": 6.817998886108398,
      "learning_rate": 0.000125,
      "loss": 5.8879,
      "step": 500
    },
    {
      "epoch": 9.9,
      "eval_loss": 4.7090349197387695,
      "eval_runtime": 2.1632,
      "eval_samples_per_second": 4.623,
      "eval_steps_per_second": 4.623,
      "step": 500
    },
    {
      "epoch": 19.8,
      "grad_norm": 4.572742462158203,
      "learning_rate": 0.00024975,
      "loss": 4.2729,
      "step": 1000
    },
    {
      "epoch": 19.8,
      "eval_loss": 4.088950157165527,
      "eval_runtime": 2.167,
      "eval_samples_per_second": 4.615,
      "eval_steps_per_second": 4.615,
      "step": 1000
    },
    {
      "epoch": 29.7,
      "grad_norm": 6.7153449058532715,
      "learning_rate": 0.0003745,
      "loss": 3.5266,
      "step": 1500
    },
    {
      "epoch": 29.7,
      "eval_loss": 3.142670154571533,
      "eval_runtime": 2.1624,
      "eval_samples_per_second": 4.624,
      "eval_steps_per_second": 4.624,
      "step": 1500
    },
    {
      "epoch": 39.6,
      "grad_norm": 6.480140209197998,
      "learning_rate": 0.0004995,
      "loss": 2.8208,
      "step": 2000
    },
    {
      "epoch": 39.6,
      "eval_loss": 2.7174251079559326,
      "eval_runtime": 2.1692,
      "eval_samples_per_second": 4.61,
      "eval_steps_per_second": 4.61,
      "step": 2000
    },
    {
      "epoch": 49.5,
      "grad_norm": 6.748445510864258,
      "learning_rate": 0.0004998672154578754,
      "loss": 2.5314,
      "step": 2500
    },
    {
      "epoch": 49.5,
      "eval_loss": 2.4899144172668457,
      "eval_runtime": 2.1674,
      "eval_samples_per_second": 4.614,
      "eval_steps_per_second": 4.614,
      "step": 2500
    },
    {
      "epoch": 59.41,
      "grad_norm": 7.681536674499512,
      "learning_rate": 0.0004994668689847885,
      "loss": 2.4014,
      "step": 3000
    },
    {
      "epoch": 59.41,
      "eval_loss": 2.4034414291381836,
      "eval_runtime": 2.1663,
      "eval_samples_per_second": 4.616,
      "eval_steps_per_second": 4.616,
      "step": 3000
    },
    {
      "epoch": 69.31,
      "grad_norm": 8.06135368347168,
      "learning_rate": 0.0004988009882772058,
      "loss": 2.3023,
      "step": 3500
    },
    {
      "epoch": 69.31,
      "eval_loss": 2.2570407390594482,
      "eval_runtime": 2.1678,
      "eval_samples_per_second": 4.613,
      "eval_steps_per_second": 4.613,
      "step": 3500
    },
    {
      "epoch": 79.21,
      "grad_norm": 8.251542091369629,
      "learning_rate": 0.0004978676177549749,
      "loss": 2.2139,
      "step": 4000
    },
    {
      "epoch": 79.21,
      "eval_loss": 2.1030330657958984,
      "eval_runtime": 2.1645,
      "eval_samples_per_second": 4.62,
      "eval_steps_per_second": 4.62,
      "step": 4000
    },
    {
      "epoch": 89.11,
      "grad_norm": 8.122942924499512,
      "learning_rate": 0.0004966688243792452,
      "loss": 2.1321,
      "step": 4500
    },
    {
      "epoch": 89.11,
      "eval_loss": 2.0339958667755127,
      "eval_runtime": 2.1678,
      "eval_samples_per_second": 4.613,
      "eval_steps_per_second": 4.613,
      "step": 4500
    },
    {
      "epoch": 99.01,
      "grad_norm": 8.39029598236084,
      "learning_rate": 0.0004952058918479899,
      "loss": 2.0652,
      "step": 5000
    },
    {
      "epoch": 99.01,
      "eval_loss": 1.9758793115615845,
      "eval_runtime": 2.1633,
      "eval_samples_per_second": 4.623,
      "eval_steps_per_second": 4.623,
      "step": 5000
    },
    {
      "epoch": 108.91,
      "grad_norm": 8.648741722106934,
      "learning_rate": 0.0004934840985822657,
      "loss": 2.0067,
      "step": 5500
    },
    {
      "epoch": 108.91,
      "eval_loss": 1.9023300409317017,
      "eval_runtime": 2.1671,
      "eval_samples_per_second": 4.614,
      "eval_steps_per_second": 4.614,
      "step": 5500
    },
    {
      "epoch": 118.81,
      "grad_norm": 6.108685493469238,
      "learning_rate": 0.0004914983879635242,
      "loss": 1.9567,
      "step": 6000
    },
    {
      "epoch": 118.81,
      "eval_loss": 1.8473827838897705,
      "eval_runtime": 2.1634,
      "eval_samples_per_second": 4.622,
      "eval_steps_per_second": 4.622,
      "step": 6000
    },
    {
      "epoch": 128.71,
      "grad_norm": 6.155606269836426,
      "learning_rate": 0.0004892540748220763,
      "loss": 1.9188,
      "step": 6500
    },
    {
      "epoch": 128.71,
      "eval_loss": 1.850163459777832,
      "eval_runtime": 2.1624,
      "eval_samples_per_second": 4.625,
      "eval_steps_per_second": 4.625,
      "step": 6500
    },
    {
      "epoch": 138.61,
      "grad_norm": 8.153385162353516,
      "learning_rate": 0.00048675356242464785,
      "loss": 1.8783,
      "step": 7000
    },
    {
      "epoch": 138.61,
      "eval_loss": 1.7673203945159912,
      "eval_runtime": 2.1643,
      "eval_samples_per_second": 4.621,
      "eval_steps_per_second": 4.621,
      "step": 7000
    },
    {
      "epoch": 148.51,
      "grad_norm": 7.994396686553955,
      "learning_rate": 0.00048400528754996086,
      "loss": 1.8377,
      "step": 7500
    },
    {
      "epoch": 148.51,
      "eval_loss": 1.7443749904632568,
      "eval_runtime": 2.1686,
      "eval_samples_per_second": 4.611,
      "eval_steps_per_second": 4.611,
      "step": 7500
    },
    {
      "epoch": 158.42,
      "grad_norm": 6.879817962646484,
      "learning_rate": 0.00048100117897484064,
      "loss": 1.8135,
      "step": 8000
    },
    {
      "epoch": 158.42,
      "eval_loss": 1.7155708074569702,
      "eval_runtime": 2.1679,
      "eval_samples_per_second": 4.613,
      "eval_steps_per_second": 4.613,
      "step": 8000
    },
    {
      "epoch": 168.32,
      "grad_norm": 5.760740280151367,
      "learning_rate": 0.0004777497085513256,
      "loss": 1.7862,
      "step": 8500
    },
    {
      "epoch": 168.32,
      "eval_loss": 1.7311432361602783,
      "eval_runtime": 2.167,
      "eval_samples_per_second": 4.615,
      "eval_steps_per_second": 4.615,
      "step": 8500
    },
    {
      "epoch": 178.22,
      "grad_norm": 4.834310054779053,
      "learning_rate": 0.00047425435803538554,
      "loss": 1.7578,
      "step": 9000
    },
    {
      "epoch": 178.22,
      "eval_loss": 1.7032209634780884,
      "eval_runtime": 2.1668,
      "eval_samples_per_second": 4.615,
      "eval_steps_per_second": 4.615,
      "step": 9000
    },
    {
      "epoch": 188.12,
      "grad_norm": 4.976891994476318,
      "learning_rate": 0.00047051887033590205,
      "loss": 1.7424,
      "step": 9500
    },
    {
      "epoch": 188.12,
      "eval_loss": 1.6915042400360107,
      "eval_runtime": 2.1676,
      "eval_samples_per_second": 4.613,
      "eval_steps_per_second": 4.613,
      "step": 9500
    },
    {
      "epoch": 198.02,
      "grad_norm": 5.612964630126953,
      "learning_rate": 0.00046655542163606033,
      "loss": 1.7238,
      "step": 10000
    },
    {
      "epoch": 198.02,
      "eval_loss": 1.6801042556762695,
      "eval_runtime": 2.1686,
      "eval_samples_per_second": 4.611,
      "eval_steps_per_second": 4.611,
      "step": 10000
    },
    {
      "epoch": 207.92,
      "grad_norm": 6.004062175750732,
      "learning_rate": 0.00046235237195061253,
      "loss": 1.7076,
      "step": 10500
    },
    {
      "epoch": 207.92,
      "eval_loss": 1.6637475490570068,
      "eval_runtime": 2.1682,
      "eval_samples_per_second": 4.612,
      "eval_steps_per_second": 4.612,
      "step": 10500
    },
    {
      "epoch": 217.82,
      "grad_norm": 5.404440402984619,
      "learning_rate": 0.000457921930026433,
      "loss": 1.6933,
      "step": 11000
    },
    {
      "epoch": 217.82,
      "eval_loss": 1.6227340698242188,
      "eval_runtime": 2.1663,
      "eval_samples_per_second": 4.616,
      "eval_steps_per_second": 4.616,
      "step": 11000
    },
    {
      "epoch": 227.72,
      "grad_norm": 4.408803462982178,
      "learning_rate": 0.00045326884009170486,
      "loss": 1.6759,
      "step": 11500
    },
    {
      "epoch": 227.72,
      "eval_loss": 1.6384767293930054,
      "eval_runtime": 2.1663,
      "eval_samples_per_second": 4.616,
      "eval_steps_per_second": 4.616,
      "step": 11500
    },
    {
      "epoch": 239.9,
      "grad_norm": 5.3436455726623535,
      "learning_rate": 0.00044840804010384366,
      "loss": 1.6687,
      "step": 12000
    },
    {
      "epoch": 239.9,
      "eval_loss": 1.5363705158233643,
      "eval_runtime": 1.9544,
      "eval_samples_per_second": 5.117,
      "eval_steps_per_second": 5.117,
      "step": 12000
    },
    {
      "epoch": 249.8,
      "grad_norm": 6.874824523925781,
      "learning_rate": 0.00044332525470710865,
      "loss": 1.6592,
      "step": 12500
    },
    {
      "epoch": 249.8,
      "eval_loss": 1.5445092916488647,
      "eval_runtime": 1.9557,
      "eval_samples_per_second": 5.113,
      "eval_steps_per_second": 5.113,
      "step": 12500
    },
    {
      "epoch": 259.7,
      "grad_norm": 5.49763298034668,
      "learning_rate": 0.00043803545178536365,
      "loss": 1.6499,
      "step": 13000
    },
    {
      "epoch": 259.7,
      "eval_loss": 1.5313568115234375,
      "eval_runtime": 1.954,
      "eval_samples_per_second": 5.118,
      "eval_steps_per_second": 5.118,
      "step": 13000
    },
    {
      "epoch": 269.6,
      "grad_norm": 5.736977577209473,
      "learning_rate": 0.00043255547518141033,
      "loss": 1.6417,
      "step": 13500
    },
    {
      "epoch": 269.6,
      "eval_loss": 1.5278457403182983,
      "eval_runtime": 1.9543,
      "eval_samples_per_second": 5.117,
      "eval_steps_per_second": 5.117,
      "step": 13500
    },
    {
      "epoch": 279.5,
      "grad_norm": 5.638355731964111,
      "learning_rate": 0.0004268692311214524,
      "loss": 1.6348,
      "step": 14000
    },
    {
      "epoch": 279.5,
      "eval_loss": 1.5174020528793335,
      "eval_runtime": 1.9565,
      "eval_samples_per_second": 5.111,
      "eval_steps_per_second": 5.111,
      "step": 14000
    },
    {
      "epoch": 289.41,
      "grad_norm": 3.7811903953552246,
      "learning_rate": 0.00042099359105871856,
      "loss": 1.6284,
      "step": 14500
    },
    {
      "epoch": 289.41,
      "eval_loss": 1.5108249187469482,
      "eval_runtime": 1.9538,
      "eval_samples_per_second": 5.118,
      "eval_steps_per_second": 5.118,
      "step": 14500
    },
    {
      "epoch": 299.31,
      "grad_norm": 4.186787128448486,
      "learning_rate": 0.00041493484677575655,
      "loss": 1.6187,
      "step": 15000
    },
    {
      "epoch": 299.31,
      "eval_loss": 1.50608491897583,
      "eval_runtime": 1.9547,
      "eval_samples_per_second": 5.116,
      "eval_steps_per_second": 5.116,
      "step": 15000
    },
    {
      "epoch": 309.21,
      "grad_norm": 4.094693660736084,
      "learning_rate": 0.0004086994861276996,
      "loss": 1.6161,
      "step": 15500
    },
    {
      "epoch": 309.21,
      "eval_loss": 1.5074663162231445,
      "eval_runtime": 1.9575,
      "eval_samples_per_second": 5.109,
      "eval_steps_per_second": 5.109,
      "step": 15500
    },
    {
      "epoch": 319.11,
      "grad_norm": 4.44036340713501,
      "learning_rate": 0.0004022941860949085,
      "loss": 1.608,
      "step": 16000
    },
    {
      "epoch": 319.11,
      "eval_loss": 1.4935957193374634,
      "eval_runtime": 1.9579,
      "eval_samples_per_second": 5.108,
      "eval_steps_per_second": 5.108,
      "step": 16000
    },
    {
      "epoch": 329.01,
      "grad_norm": 4.631272315979004,
      "learning_rate": 0.0003957258056330936,
      "loss": 1.6045,
      "step": 16500
    },
    {
      "epoch": 329.01,
      "eval_loss": 1.5024477243423462,
      "eval_runtime": 1.9556,
      "eval_samples_per_second": 5.113,
      "eval_steps_per_second": 5.113,
      "step": 16500
    },
    {
      "epoch": 338.91,
      "grad_norm": 4.944299221038818,
      "learning_rate": 0.0003890013783285733,
      "loss": 1.5955,
      "step": 17000
    },
    {
      "epoch": 338.91,
      "eval_loss": 1.4828648567199707,
      "eval_runtime": 1.957,
      "eval_samples_per_second": 5.11,
      "eval_steps_per_second": 5.11,
      "step": 17000
    },
    {
      "epoch": 348.81,
      "grad_norm": 3.970335006713867,
      "learning_rate": 0.00038215588475876117,
      "loss": 1.5932,
      "step": 17500
    },
    {
      "epoch": 348.81,
      "eval_loss": 1.4938549995422363,
      "eval_runtime": 1.9557,
      "eval_samples_per_second": 5.113,
      "eval_steps_per_second": 5.113,
      "step": 17500
    },
    {
      "epoch": 358.71,
      "grad_norm": 4.620893478393555,
      "learning_rate": 0.00037514167629219955,
      "loss": 1.5939,
      "step": 18000
    },
    {
      "epoch": 358.71,
      "eval_loss": 1.4832879304885864,
      "eval_runtime": 1.9589,
      "eval_samples_per_second": 5.105,
      "eval_steps_per_second": 5.105,
      "step": 18000
    },
    {
      "epoch": 368.61,
      "grad_norm": 3.8977253437042236,
      "learning_rate": 0.000367993462984207,
      "loss": 1.5861,
      "step": 18500
    },
    {
      "epoch": 368.61,
      "eval_loss": 1.482788324356079,
      "eval_runtime": 1.9565,
      "eval_samples_per_second": 5.111,
      "eval_steps_per_second": 5.111,
      "step": 18500
    },
    {
      "epoch": 378.51,
      "grad_norm": 3.945296287536621,
      "learning_rate": 0.00036071889932063706,
      "loss": 1.5791,
      "step": 19000
    },
    {
      "epoch": 378.51,
      "eval_loss": 1.4804201126098633,
      "eval_runtime": 1.9579,
      "eval_samples_per_second": 5.107,
      "eval_steps_per_second": 5.107,
      "step": 19000
    },
    {
      "epoch": 388.42,
      "grad_norm": 3.4162611961364746,
      "learning_rate": 0.00035332577508646846,
      "loss": 1.582,
      "step": 19500
    },
    {
      "epoch": 388.42,
      "eval_loss": 1.4692881107330322,
      "eval_runtime": 1.9548,
      "eval_samples_per_second": 5.116,
      "eval_steps_per_second": 5.116,
      "step": 19500
    },
    {
      "epoch": 398.32,
      "grad_norm": 5.412505626678467,
      "learning_rate": 0.00034583711966109005,
      "loss": 1.5721,
      "step": 20000
    },
    {
      "epoch": 398.32,
      "eval_loss": 1.467942237854004,
      "eval_runtime": 1.9559,
      "eval_samples_per_second": 5.113,
      "eval_steps_per_second": 5.113,
      "step": 20000
    },
    {
      "epoch": 408.22,
      "grad_norm": 3.7935214042663574,
      "learning_rate": 0.00033823094011731165,
      "loss": 1.5696,
      "step": 20500
    },
    {
      "epoch": 408.22,
      "eval_loss": 1.474473476409912,
      "eval_runtime": 1.9567,
      "eval_samples_per_second": 5.111,
      "eval_steps_per_second": 5.111,
      "step": 20500
    },
    {
      "epoch": 418.12,
      "grad_norm": 3.4451792240142822,
      "learning_rate": 0.00033053028067291166,
      "loss": 1.5671,
      "step": 21000
    },
    {
      "epoch": 418.12,
      "eval_loss": 1.464958906173706,
      "eval_runtime": 1.9576,
      "eval_samples_per_second": 5.108,
      "eval_steps_per_second": 5.108,
      "step": 21000
    },
    {
      "epoch": 428.02,
      "grad_norm": 4.057727813720703,
      "learning_rate": 0.00032274338738690344,
      "loss": 1.5661,
      "step": 21500
    },
    {
      "epoch": 428.02,
      "eval_loss": 1.4597585201263428,
      "eval_runtime": 1.9563,
      "eval_samples_per_second": 5.112,
      "eval_steps_per_second": 5.112,
      "step": 21500
    },
    {
      "epoch": 437.92,
      "grad_norm": 4.099982261657715,
      "learning_rate": 0.00031487859865965824,
      "loss": 1.5626,
      "step": 22000
    },
    {
      "epoch": 437.92,
      "eval_loss": 1.4616789817810059,
      "eval_runtime": 1.9561,
      "eval_samples_per_second": 5.112,
      "eval_steps_per_second": 5.112,
      "step": 22000
    },
    {
      "epoch": 447.82,
      "grad_norm": 4.392757892608643,
      "learning_rate": 0.00030694433630393654,
      "loss": 1.5592,
      "step": 22500
    },
    {
      "epoch": 447.82,
      "eval_loss": 1.4591983556747437,
      "eval_runtime": 1.9549,
      "eval_samples_per_second": 5.115,
      "eval_steps_per_second": 5.115,
      "step": 22500
    },
    {
      "epoch": 457.72,
      "grad_norm": 4.547784328460693,
      "learning_rate": 0.00029894909652660053,
      "loss": 1.5584,
      "step": 23000
    },
    {
      "epoch": 457.72,
      "eval_loss": 1.4660186767578125,
      "eval_runtime": 1.9536,
      "eval_samples_per_second": 5.119,
      "eval_steps_per_second": 5.119,
      "step": 23000
    },
    {
      "epoch": 467.62,
      "grad_norm": 4.077437877655029,
      "learning_rate": 0.00029090144083066254,
      "loss": 1.5515,
      "step": 23500
    },
    {
      "epoch": 467.62,
      "eval_loss": 1.4622242450714111,
      "eval_runtime": 1.9561,
      "eval_samples_per_second": 5.112,
      "eval_steps_per_second": 5.112,
      "step": 23500
    },
    {
      "epoch": 477.52,
      "grad_norm": 3.604696273803711,
      "learning_rate": 0.00028282620771391824,
      "loss": 1.5517,
      "step": 24000
    },
    {
      "epoch": 477.52,
      "eval_loss": 1.4505764245986938,
      "eval_runtime": 1.9564,
      "eval_samples_per_second": 5.112,
      "eval_steps_per_second": 5.112,
      "step": 24000
    },
    {
      "epoch": 487.43,
      "grad_norm": 3.395359754562378,
      "learning_rate": 0.00027469968156870625,
      "loss": 1.5523,
      "step": 24500
    },
    {
      "epoch": 487.43,
      "eval_loss": 1.4498944282531738,
      "eval_runtime": 1.9561,
      "eval_samples_per_second": 5.112,
      "eval_steps_per_second": 5.112,
      "step": 24500
    },
    {
      "epoch": 497.33,
      "grad_norm": 3.5826163291931152,
      "learning_rate": 0.00026654670638581095,
      "loss": 1.5459,
      "step": 25000
    },
    {
      "epoch": 497.33,
      "eval_loss": 1.4489952325820923,
      "eval_runtime": 1.9554,
      "eval_samples_per_second": 5.114,
      "eval_steps_per_second": 5.114,
      "step": 25000
    },
    {
      "epoch": 507.23,
      "grad_norm": 3.892347812652588,
      "learning_rate": 0.00025837601257526786,
      "loss": 1.5421,
      "step": 25500
    },
    {
      "epoch": 507.23,
      "eval_loss": 1.4516915082931519,
      "eval_runtime": 1.9581,
      "eval_samples_per_second": 5.107,
      "eval_steps_per_second": 5.107,
      "step": 25500
    },
    {
      "epoch": 517.13,
      "grad_norm": 4.297235488891602,
      "learning_rate": 0.00025021271197692163,
      "loss": 1.5453,
      "step": 26000
    },
    {
      "epoch": 517.13,
      "eval_loss": 1.4469822645187378,
      "eval_runtime": 1.9553,
      "eval_samples_per_second": 5.114,
      "eval_steps_per_second": 5.114,
      "step": 26000
    },
    {
      "epoch": 527.03,
      "grad_norm": 3.9884867668151855,
      "learning_rate": 0.00024203283034366223,
      "loss": 1.5424,
      "step": 26500
    },
    {
      "epoch": 527.03,
      "eval_loss": 1.4448186159133911,
      "eval_runtime": 1.9564,
      "eval_samples_per_second": 5.112,
      "eval_steps_per_second": 5.112,
      "step": 26500
    },
    {
      "epoch": 536.93,
      "grad_norm": 3.464886426925659,
      "learning_rate": 0.0002338614801552266,
      "loss": 1.5402,
      "step": 27000
    },
    {
      "epoch": 536.93,
      "eval_loss": 1.4469172954559326,
      "eval_runtime": 1.9583,
      "eval_samples_per_second": 5.107,
      "eval_steps_per_second": 5.107,
      "step": 27000
    },
    {
      "epoch": 546.83,
      "grad_norm": 3.2290000915527344,
      "learning_rate": 0.00022570741149806665,
      "loss": 1.538,
      "step": 27500
    },
    {
      "epoch": 546.83,
      "eval_loss": 1.4370272159576416,
      "eval_runtime": 1.9569,
      "eval_samples_per_second": 5.11,
      "eval_steps_per_second": 5.11,
      "step": 27500
    },
    {
      "epoch": 556.73,
      "grad_norm": 2.630499839782715,
      "learning_rate": 0.00021759558031248403,
      "loss": 1.5346,
      "step": 28000
    },
    {
      "epoch": 556.73,
      "eval_loss": 1.4445149898529053,
      "eval_runtime": 1.9569,
      "eval_samples_per_second": 5.11,
      "eval_steps_per_second": 5.11,
      "step": 28000
    },
    {
      "epoch": 566.63,
      "grad_norm": 4.00777530670166,
      "learning_rate": 0.00020950216350841682,
      "loss": 1.5351,
      "step": 28500
    },
    {
      "epoch": 566.63,
      "eval_loss": 1.4422146081924438,
      "eval_runtime": 1.9553,
      "eval_samples_per_second": 5.114,
      "eval_steps_per_second": 5.114,
      "step": 28500
    },
    {
      "epoch": 576.53,
      "grad_norm": 4.055480003356934,
      "learning_rate": 0.00020145211280202504,
      "loss": 1.533,
      "step": 29000
    },
    {
      "epoch": 576.53,
      "eval_loss": 1.4383682012557983,
      "eval_runtime": 1.9562,
      "eval_samples_per_second": 5.112,
      "eval_steps_per_second": 5.112,
      "step": 29000
    },
    {
      "epoch": 586.44,
      "grad_norm": 3.8638148307800293,
      "learning_rate": 0.0001934540483892367,
      "loss": 1.5318,
      "step": 29500
    },
    {
      "epoch": 586.44,
      "eval_loss": 1.4378782510757446,
      "eval_runtime": 1.9539,
      "eval_samples_per_second": 5.118,
      "eval_steps_per_second": 5.118,
      "step": 29500
    },
    {
      "epoch": 596.34,
      "grad_norm": 4.7129807472229,
      "learning_rate": 0.00018553234373404055,
      "loss": 1.5301,
      "step": 30000
    },
    {
      "epoch": 596.34,
      "eval_loss": 1.4324791431427002,
      "eval_runtime": 1.9564,
      "eval_samples_per_second": 5.111,
      "eval_steps_per_second": 5.111,
      "step": 30000
    },
    {
      "epoch": 606.24,
      "grad_norm": 4.317885875701904,
      "learning_rate": 0.000177663734116162,
      "loss": 1.5302,
      "step": 30500
    },
    {
      "epoch": 606.24,
      "eval_loss": 1.4329824447631836,
      "eval_runtime": 1.9575,
      "eval_samples_per_second": 5.109,
      "eval_steps_per_second": 5.109,
      "step": 30500
    },
    {
      "epoch": 616.14,
      "grad_norm": 3.32155704498291,
      "learning_rate": 0.00016987258398361776,
      "loss": 1.5238,
      "step": 31000
    },
    {
      "epoch": 616.14,
      "eval_loss": 1.435441255569458,
      "eval_runtime": 1.9587,
      "eval_samples_per_second": 5.105,
      "eval_steps_per_second": 5.105,
      "step": 31000
    },
    {
      "epoch": 626.04,
      "grad_norm": 3.5317254066467285,
      "learning_rate": 0.0001621672362951168,
      "loss": 1.5267,
      "step": 31500
    },
    {
      "epoch": 626.04,
      "eval_loss": 1.431111216545105,
      "eval_runtime": 1.9554,
      "eval_samples_per_second": 5.114,
      "eval_steps_per_second": 5.114,
      "step": 31500
    },
    {
      "epoch": 635.94,
      "grad_norm": 3.0650856494903564,
      "learning_rate": 0.00015457106541794541,
      "loss": 1.5242,
      "step": 32000
    },
    {
      "epoch": 635.94,
      "eval_loss": 1.4319372177124023,
      "eval_runtime": 1.9606,
      "eval_samples_per_second": 5.1,
      "eval_steps_per_second": 5.1,
      "step": 32000
    },
    {
      "epoch": 645.84,
      "grad_norm": 2.912168025970459,
      "learning_rate": 0.00014706176267003258,
      "loss": 1.5254,
      "step": 32500
    },
    {
      "epoch": 645.84,
      "eval_loss": 1.4326589107513428,
      "eval_runtime": 1.9557,
      "eval_samples_per_second": 5.113,
      "eval_steps_per_second": 5.113,
      "step": 32500
    },
    {
      "epoch": 655.74,
      "grad_norm": 4.44310188293457,
      "learning_rate": 0.00013966268876497434,
      "loss": 1.5222,
      "step": 33000
    },
    {
      "epoch": 655.74,
      "eval_loss": 1.4302635192871094,
      "eval_runtime": 1.956,
      "eval_samples_per_second": 5.113,
      "eval_steps_per_second": 5.113,
      "step": 33000
    },
    {
      "epoch": 665.64,
      "grad_norm": 3.4564335346221924,
      "learning_rate": 0.00013238176681643486,
      "loss": 1.5208,
      "step": 33500
    },
    {
      "epoch": 665.64,
      "eval_loss": 1.4282186031341553,
      "eval_runtime": 1.9577,
      "eval_samples_per_second": 5.108,
      "eval_steps_per_second": 5.108,
      "step": 33500
    },
    {
      "epoch": 675.54,
      "grad_norm": 3.6090283393859863,
      "learning_rate": 0.00012524097255236483,
      "loss": 1.5176,
      "step": 34000
    },
    {
      "epoch": 675.54,
      "eval_loss": 1.4339931011199951,
      "eval_runtime": 1.9571,
      "eval_samples_per_second": 5.109,
      "eval_steps_per_second": 5.109,
      "step": 34000
    },
    {
      "epoch": 685.45,
      "grad_norm": 3.03151798248291,
      "learning_rate": 0.00011821933465556406,
      "loss": 1.5195,
      "step": 34500
    },
    {
      "epoch": 685.45,
      "eval_loss": 1.428964614868164,
      "eval_runtime": 1.9565,
      "eval_samples_per_second": 5.111,
      "eval_steps_per_second": 5.111,
      "step": 34500
    },
    {
      "epoch": 695.35,
      "grad_norm": 4.294356346130371,
      "learning_rate": 0.00011133881079595992,
      "loss": 1.5212,
      "step": 35000
    },
    {
      "epoch": 695.35,
      "eval_loss": 1.4268381595611572,
      "eval_runtime": 1.9588,
      "eval_samples_per_second": 5.105,
      "eval_steps_per_second": 5.105,
      "step": 35000
    },
    {
      "epoch": 705.25,
      "grad_norm": 4.453303813934326,
      "learning_rate": 0.00010460676881083953,
      "loss": 1.5193,
      "step": 35500
    },
    {
      "epoch": 705.25,
      "eval_loss": 1.4278080463409424,
      "eval_runtime": 1.9577,
      "eval_samples_per_second": 5.108,
      "eval_steps_per_second": 5.108,
      "step": 35500
    },
    {
      "epoch": 715.15,
      "grad_norm": 2.9379873275756836,
      "learning_rate": 9.804341015340021e-05,
      "loss": 1.5154,
      "step": 36000
    },
    {
      "epoch": 715.15,
      "eval_loss": 1.4247499704360962,
      "eval_runtime": 1.9575,
      "eval_samples_per_second": 5.109,
      "eval_steps_per_second": 5.109,
      "step": 36000
    },
    {
      "epoch": 725.05,
      "grad_norm": 4.154215335845947,
      "learning_rate": 9.162945933814101e-05,
      "loss": 1.5175,
      "step": 36500
    },
    {
      "epoch": 725.05,
      "eval_loss": 1.4238630533218384,
      "eval_runtime": 1.9575,
      "eval_samples_per_second": 5.109,
      "eval_steps_per_second": 5.109,
      "step": 36500
    },
    {
      "epoch": 734.95,
      "grad_norm": 2.9037461280822754,
      "learning_rate": 8.538509566457198e-05,
      "loss": 1.5139,
      "step": 37000
    },
    {
      "epoch": 734.95,
      "eval_loss": 1.4270108938217163,
      "eval_runtime": 1.9573,
      "eval_samples_per_second": 5.109,
      "eval_steps_per_second": 5.109,
      "step": 37000
    },
    {
      "epoch": 744.85,
      "grad_norm": 3.8508055210113525,
      "learning_rate": 7.931700575371903e-05,
      "loss": 1.5124,
      "step": 37500
    },
    {
      "epoch": 744.85,
      "eval_loss": 1.424176812171936,
      "eval_runtime": 1.9567,
      "eval_samples_per_second": 5.111,
      "eval_steps_per_second": 5.111,
      "step": 37500
    },
    {
      "epoch": 754.75,
      "grad_norm": 3.933382511138916,
      "learning_rate": 7.344327147663427e-05,
      "loss": 1.5147,
      "step": 38000
    },
    {
      "epoch": 754.75,
      "eval_loss": 1.4239027500152588,
      "eval_runtime": 1.9566,
      "eval_samples_per_second": 5.111,
      "eval_steps_per_second": 5.111,
      "step": 38000
    },
    {
      "epoch": 769.9,
      "grad_norm": 3.029869556427002,
      "learning_rate": 6.774664265916064e-05,
      "loss": 1.5107,
      "step": 38500
    },
    {
      "epoch": 769.9,
      "eval_loss": 1.4241774082183838,
      "eval_runtime": 1.9576,
      "eval_samples_per_second": 5.108,
      "eval_steps_per_second": 5.108,
      "step": 38500
    },
    {
      "epoch": 779.8,
      "grad_norm": 3.5507259368896484,
      "learning_rate": 6.224517530167645e-05,
      "loss": 1.5161,
      "step": 39000
    },
    {
      "epoch": 779.8,
      "eval_loss": 1.4243425130844116,
      "eval_runtime": 1.9561,
      "eval_samples_per_second": 5.112,
      "eval_steps_per_second": 5.112,
      "step": 39000
    },
    {
      "epoch": 789.7,
      "grad_norm": 2.834421396255493,
      "learning_rate": 5.6944760513224725e-05,
      "loss": 1.5088,
      "step": 39500
    },
    {
      "epoch": 789.7,
      "eval_loss": 1.4238815307617188,
      "eval_runtime": 1.9578,
      "eval_samples_per_second": 5.108,
      "eval_steps_per_second": 5.108,
      "step": 39500
    },
    {
      "epoch": 799.6,
      "grad_norm": 3.6197564601898193,
      "learning_rate": 5.1861051505752324e-05,
      "loss": 1.5135,
      "step": 40000
    },
    {
      "epoch": 799.6,
      "eval_loss": 1.4243385791778564,
      "eval_runtime": 1.958,
      "eval_samples_per_second": 5.107,
      "eval_steps_per_second": 5.107,
      "step": 40000
    },
    {
      "epoch": 809.5,
      "grad_norm": 3.6108760833740234,
      "learning_rate": 4.6979118277048426e-05,
      "loss": 1.5101,
      "step": 40500
    },
    {
      "epoch": 809.5,
      "eval_loss": 1.4223798513412476,
      "eval_runtime": 1.9577,
      "eval_samples_per_second": 5.108,
      "eval_steps_per_second": 5.108,
      "step": 40500
    },
    {
      "epoch": 819.9,
      "grad_norm": 2.9555294513702393,
      "learning_rate": 4.231458489361206e-05,
      "loss": 1.509,
      "step": 41000
    },
    {
      "epoch": 819.9,
      "eval_loss": 1.4215259552001953,
      "eval_runtime": 1.9584,
      "eval_samples_per_second": 5.106,
      "eval_steps_per_second": 5.106,
      "step": 41000
    },
    {
      "epoch": 829.8,
      "grad_norm": 2.8560521602630615,
      "learning_rate": 3.787244625462411e-05,
      "loss": 1.5088,
      "step": 41500
    },
    {
      "epoch": 829.8,
      "eval_loss": 1.4232672452926636,
      "eval_runtime": 1.9588,
      "eval_samples_per_second": 5.105,
      "eval_steps_per_second": 5.105,
      "step": 41500
    },
    {
      "epoch": 839.7,
      "grad_norm": 4.285916328430176,
      "learning_rate": 3.366565934951146e-05,
      "loss": 1.5122,
      "step": 42000
    },
    {
      "epoch": 839.7,
      "eval_loss": 1.4220716953277588,
      "eval_runtime": 1.9569,
      "eval_samples_per_second": 5.11,
      "eval_steps_per_second": 5.11,
      "step": 42000
    },
    {
      "epoch": 849.6,
      "grad_norm": 3.4164156913757324,
      "learning_rate": 2.9681869549458617e-05,
      "loss": 1.5104,
      "step": 42500
    },
    {
      "epoch": 849.6,
      "eval_loss": 1.4217945337295532,
      "eval_runtime": 1.9566,
      "eval_samples_per_second": 5.111,
      "eval_steps_per_second": 5.111,
      "step": 42500
    },
    {
      "epoch": 859.5,
      "grad_norm": 4.057942867279053,
      "learning_rate": 2.5934001921859684e-05,
      "loss": 1.5099,
      "step": 43000
    },
    {
      "epoch": 859.5,
      "eval_loss": 1.4225744009017944,
      "eval_runtime": 1.9563,
      "eval_samples_per_second": 5.112,
      "eval_steps_per_second": 5.112,
      "step": 43000
    },
    {
      "epoch": 869.41,
      "grad_norm": 4.261931896209717,
      "learning_rate": 2.242606977724404e-05,
      "loss": 1.5096,
      "step": 43500
    },
    {
      "epoch": 869.41,
      "eval_loss": 1.4211065769195557,
      "eval_runtime": 1.9551,
      "eval_samples_per_second": 5.115,
      "eval_steps_per_second": 5.115,
      "step": 43500
    },
    {
      "epoch": 879.9,
      "grad_norm": 3.77451753616333,
      "learning_rate": 1.9168112406163618e-05,
      "loss": 1.5076,
      "step": 44000
    },
    {
      "epoch": 879.9,
      "eval_loss": 1.421459436416626,
      "eval_runtime": 1.9573,
      "eval_samples_per_second": 5.109,
      "eval_steps_per_second": 5.109,
      "step": 44000
    },
    {
      "epoch": 889.8,
      "grad_norm": 2.8897414207458496,
      "learning_rate": 1.6150561733285717e-05,
      "loss": 1.5083,
      "step": 44500
    },
    {
      "epoch": 889.8,
      "eval_loss": 1.4209506511688232,
      "eval_runtime": 1.959,
      "eval_samples_per_second": 5.105,
      "eval_steps_per_second": 5.105,
      "step": 44500
    },
    {
      "epoch": 899.7,
      "grad_norm": 4.093536853790283,
      "learning_rate": 1.3383422896193515e-05,
      "loss": 1.5081,
      "step": 45000
    },
    {
      "epoch": 899.7,
      "eval_loss": 1.4206674098968506,
      "eval_runtime": 1.9577,
      "eval_samples_per_second": 5.108,
      "eval_steps_per_second": 5.108,
      "step": 45000
    }
  ],
  "logging_steps": 500,
  "max_steps": 50000,
  "num_input_tokens_seen": 0,
  "num_train_epochs": 1000,
  "save_steps": 500,
  "total_flos": 1.4491439567746176e+17,
  "train_batch_size": 1,
  "trial_name": null,
  "trial_params": null
}
