{
  "indexes": [
    {
      "collectionGroup": "songs",
      "queryScope": "COLLECTION",
      "fields": [
        {
          "fieldPath": "isPublic",
          "order": "ASCENDING"
        },
        {
          "fieldPath": "publishedAt",
          "order": "ASCENDING"
        }
      ]
    },
    {
      "collectionGroup": "songs",
      "queryScope": "COLLECTION",
      "fields": [
        {
          "fieldPath": "isPublic",
          "order": "ASCENDING"
        },
        {
          "fieldPath": "publishedAt",
          "order": "DESCENDING"
        }
      ]
    },
    {
      "collectionGroup": "songs",
      "queryScope": "COLLECTION",
      "fields": [
        {
          "fieldPath": "isPublic",
          "order": "ASCENDING"
        },
        {
          "fieldPath": "userId",
          "order": "ASCENDING"
        },
        {
          "fieldPath": "publishedAt",
          "order": "DESCENDING"
        }
      ]
    },
    {
      "collectionGroup": "songs",
      "queryScope": "COLLECTION",
      "fields": [
        {
          "fieldPath": "userId",
          "order": "ASCENDING"
        },
        {
          "fieldPath": "updatedAt",
          "order": "DESCENDING"
        }
      ]
    }
  ],
  "fieldOverrides": []
}
