{"I1s2_piano": 3, "I1s2_keyboard": 3, "I1s2_percussion": 3, "I1s2_organ": 3, "I1s2_guitar": 3, "I1s2_bass": 3, "I1s2_violin": 3, "I1s2_viola": 3, "I1s2_cello": 3, "I1s2_harp": 3, "I1s2_strings": 3, "I1s2_voice": 3, "I1s2_trumpet": 3, "I1s2_trombone": 3, "I1s2_tuba": 3, "I1s2_horn": 3, "I1s2_brass": 3, "I1s2_sax": 3, "I1s2_oboe": 3, "I1s2_bassoon": 3, "I1s2_clarinet": 3, "I1s2_piccolo": 3, "I1s2_flute": 3, "I1s2_pipe": 3, "I1s2_synthesizer": 3, "I1s2_ethnic_instruments": 3, "I1s2_sound_effects": 3, "I1s2_drum": 3, "R1": 3, "R3": 4, "S2s1": 18, "S4_new_age": 3, "S4_electronic": 3, "S4_rap": 3, "S4_religious": 3, "S4_international": 3, "S4_easy_listening": 3, "S4_avant_garde": 3, "S4_rnb": 3, "S4_latin": 3, "S4_children": 3, "S4_jazz": 3, "S4_classical": 3, "S4_comedy_spoken": 3, "S4_pop_rock": 3, "S4_reggae": 3, "S4_stage": 3, "S4_folk": 3, "S4_blues": 3, "S4_vocal": 3, "S4_holiday": 3, "S4_country": 3, "S4_symphony": 3, "B1s1": 5, "TS1s1": 8, "K1": 3, "T1s1": 4, "P4": 13, "EM1": 5, "TM1": 6}