{
    "I1_1": "[INSTRUMENTS] should be included in the music.", 
    "I1_0": "[INSTRUMENTS] are not featured in this song.", 
    "P4_1": "Its pitch range is within [RANGE] octaves.", 
    "C1_0": "This is a song that has a bright feeling from the beginning to the end.", 
    "C1_1": "This is a song that has a very gloomy feeling from the beginning to the end.", 
    "C1_2": "The song begins bright and then turns dark.", 
    "C1_3": "The song begins dark and then brightens up.", 
    "R1_1": "This music is suitable for dancing.", 
    "R1_0": "This music is not suitable for dancing.", 
    "R3_1": "The beat of this song is extremely strong.", 
    "R3_0": "This song has a very peaceful beat.", 
    "R3_2": "This song has a moderate beat.", 
    "S4_1": "The song belongs to the [GENRE] genre.", 
    "S4_0": "The song does not fit into the conventions of [GENRE] style.", 
    "S2_1": "The music is in the vein of [ARTIST].",
    "S2_0": "The song does not conform to [ARTIST]'s typical sound.", 
    "B1_1": "The song spans approximately [NUM_BARS] bars.", 
    "TS1_1": "The music is in [TIME_SIGNATURE].", 
    "TS1_o": "The time signature of this song is not commonly used.", 
    "K1_1": "This music is composed in the [KEY] key.", 
    "T1_0": "The tempo of this song is rapid.", 
    "T1_1": "The tempo of this song is slow.", 
    "T1_2": "The tempo of this song is moderate.", 
    "EM1_1": "The music conveys [EMOTION].", 
    "TM1_1": "This song has a duration of [TM1] seconds."
}